{"cameraMode":{"drawMode":0,"name":"Shaded","section":"Shading Mode"},"sceneLighting":false,"audioPlay":false,"sceneViewState":{"m_AlwaysRefresh":false,"showFog":true,"showSkybox":false,"showFlares":true,"showImageEffects":true,"showParticleSystems":true,"showVisualEffectGraphs":true,"m_FxEnabled":true},"in2DMode":false,"pivot":{"x":-0.04986553639173508,"y":-0.040405869483947757,"z":-0.09560873359441757},"rotation":{"x":-0.0656878724694252,"y":0.6055816411972046,"z":-0.05026928335428238,"w":-0.7915000319480896},"size":0.12016832828521729,"orthographic":false}