{"cameraMode":{"drawMode":0,"name":"Shaded","section":"Shading Mode"},"sceneLighting":false,"audioPlay":false,"sceneViewState":{"m_AlwaysRefresh":false,"showFog":true,"showSkybox":false,"showFlares":true,"showImageEffects":true,"showParticleSystems":true,"showVisualEffectGraphs":true,"m_FxEnabled":true},"in2DMode":false,"pivot":{"x":-0.014999995939433575,"y":0.01850000210106373,"z":0.025413382798433305},"rotation":{"x":-0.24412699043750764,"y":0.748206615447998,"z":-0.3700678050518036,"w":-0.49363890290260317},"size":0.12016837298870087,"orthographic":false}